dataset,class,model,mean,std,model_acc,ts_lenght
ECG200,0,lstm,0.500909090909091,0.133174836925309,0.9,96
ECG200,0,catch22,0.29363636363636364,0.17700912802722543,0.8,96
ECG200,0,rocket,0.44264705882352945,0.1393537357512172,0.95,96
ECG200,1,lstm,0.5190909090909092,0.133174836925309,0.9,96
ECG200,1,catch22,0.6368181818181818,0.24176221156778982,0.8,96
ECG200,1,rocket,0.5773529411764706,0.1393537357512172,0.95,96
