dataset,class,model,mean,std,model_acc,ts_lenght
ECG200,0,lstm,0.3884,0.06920578010542185,0.85,96
ECG200,0,catch22,0.30818181818181817,0.13600255223662547,0.825,96
ECG200,0,rocket,0.48939393939393944,0.1418052312139178,0.925,96
ECG200,1,lstm,0.6316,0.06920578010542183,0.85,96
ECG200,1,catch22,0.6281818181818182,0.1869038732911645,0.825,96
ECG200,1,rocket,0.5306060606060605,0.1418052312139178,0.925,96
